{
	"credit": "Made with Blockbench",
	"textures": {
		"0": "entity/minecart",
		"9": "block/deepslate_lapis_ore",
		"particle": "entity/minecart"
	},
	"elements": [
		{
			"name": "bottom",
			"from": [0, 0, -2],
			"to": [16, 2, 18],
			"faces": {
				"north": {"uv": [0, 6, 0.5, 14], "rotation": 90, "texture": "#0"},
				"east": {"uv": [5.5, 5, 10.5, 6], "texture": "#0"},
				"south": {"uv": [0.5, 0, 4.5, 1], "texture": "#0"},
				"west": {"uv": [0.5, 5, 5.5, 6], "texture": "#0"},
				"up": {"uv": [6, 6, 11, 14], "rotation": 90, "texture": "#0"},
				"down": {"uv": [0.5, 6, 5.5, 14], "rotation": 90, "texture": "#0"}
			}
		},
		{
			"name": "north",
			"from": [0, 2, -2],
			"to": [16, 10, 0],
			"faces": {
				"north": {"uv": [5, 1, 9, 5], "texture": "#0"},
				"east": {"uv": [4.5, 1, 5, 5], "texture": "#0"},
				"south": {"uv": [0.5, 1, 4.5, 5], "texture": "#0"},
				"west": {"uv": [0, 1, 0.5, 5], "texture": "#0"},
				"up": {"uv": [0.5, 0, 4.5, 1], "texture": "#0"}
			}
		},
		{
			"name": "south",
			"from": [0, 2, 16],
			"to": [16, 10, 18],
			"faces": {
				"north": {"uv": [0.5, 1, 4.5, 5], "texture": "#0"},
				"east": {"uv": [0, 1, 0.5, 5], "texture": "#0"},
				"south": {"uv": [5, 1, 9, 5], "texture": "#0"},
				"west": {"uv": [4.5, 1, 5, 5], "texture": "#0"},
				"up": {"uv": [0.5, 0, 4.5, 1], "rotation": 180, "texture": "#0"}
			}
		},
		{
			"name": "west",
			"from": [0, 2, 0],
			"to": [2, 10, 16],
			"faces": {
				"east": {"uv": [0.5, 1, 4.5, 5], "texture": "#0"},
				"west": {"uv": [5, 1, 9, 5], "texture": "#0"},
				"up": {"uv": [5.5, 6, 6, 14], "rotation": 180, "texture": "#0"}
			}
		},
		{
			"name": "east",
			"from": [14, 2, 0],
			"to": [16, 10, 16],
			"faces": {
				"east": {"uv": [5, 1, 9, 5], "texture": "#0"},
				"west": {"uv": [0.5, 1, 4.5, 5], "texture": "#0"},
				"up": {"uv": [0, 6, 0.5, 14], "texture": "#0"}
			}
		},
		{
			"from": [2, 10, 0],
			"to": [6, 11, 14],
			"faces": {
				"north": {"uv": [0, 13, 4, 14], "texture": "#9"},
				"east": {"uv": [0, 2, 14, 3], "texture": "#9"},
				"south": {"uv": [0, 0, 4, 1], "texture": "#missing"},
				"west": {"uv": [8, 2, 9, 16], "rotation": 90, "texture": "#9"},
				"up": {"uv": [4, 0, 8, 14], "texture": "#9"},
				"down": {"uv": [0, 0, 4, 14], "texture": "#missing"}
			}
		},
		{
			"from": [2, 10, 14],
			"to": [8, 12, 16],
			"faces": {
				"north": {"uv": [1, 2, 7, 4], "texture": "#9"},
				"east": {"uv": [0, 0, 2, 2], "texture": "#9"},
				"south": {"uv": [3, 1, 9, 3], "texture": "#9"},
				"west": {"uv": [0, 6, 2, 8], "texture": "#9"},
				"up": {"uv": [4, 3, 10, 5], "texture": "#9"},
				"down": {"uv": [0, 0, 6, 2], "texture": "#missing"}
			}
		},
		{
			"from": [6, 10, 7],
			"to": [10, 13, 14],
			"faces": {
				"north": {"uv": [1, 2, 5, 5], "texture": "#9"},
				"east": {"uv": [3, 4, 10, 7], "texture": "#9"},
				"south": {"uv": [11, 5, 15, 8], "texture": "#9"},
				"west": {"uv": [3, 11, 10, 14], "texture": "#9"},
				"up": {"uv": [8, 9, 12, 16], "texture": "#9"},
				"down": {"uv": [0, 0, 4, 7], "texture": "#missing"}
			}
		},
		{
			"from": [6, 9, 0],
			"to": [11, 10, 7],
			"faces": {
				"north": {"uv": [0, 0, 5, 1], "texture": "#missing"},
				"east": {"uv": [0, 0, 7, 1], "texture": "#missing"},
				"south": {"uv": [0, 0, 5, 1], "texture": "#missing"},
				"west": {"uv": [0, 0, 7, 1], "texture": "#missing"},
				"up": {"uv": [6, 5, 11, 12], "texture": "#9"},
				"down": {"uv": [0, 0, 5, 7], "texture": "#missing"}
			}
		},
		{
			"from": [11, 10, 0],
			"to": [14, 11, 7],
			"faces": {
				"north": {"uv": [4, 12, 7, 13], "texture": "#9"},
				"east": {"uv": [1, 2, 8, 3], "texture": "#9"},
				"south": {"uv": [0, 0, 3, 1], "texture": "#missing"},
				"west": {"uv": [4, 3, 11, 4], "texture": "#9"},
				"up": {"uv": [7, 5, 10, 12], "texture": "#9"},
				"down": {"uv": [0, 0, 3, 7], "texture": "#missing"}
			}
		},
		{
			"from": [10, 10, 7],
			"to": [14, 11, 9],
			"faces": {
				"north": {"uv": [0, 0, 4, 1], "texture": "#9"},
				"east": {"uv": [0, 0, 2, 1], "texture": "#9"},
				"south": {"uv": [1, 2, 5, 3], "texture": "#9"},
				"west": {"uv": [0, 0, 2, 1], "texture": "#missing"},
				"up": {"uv": [4, 4, 8, 6], "texture": "#9"},
				"down": {"uv": [0, 0, 4, 2], "texture": "#missing"}
			}
		},
		{
			"from": [10, 9, 9],
			"to": [14, 10, 12],
			"faces": {
				"north": {"uv": [0, 0, 4, 1], "texture": "#missing"},
				"east": {"uv": [0, 0, 3, 1], "texture": "#missing"},
				"south": {"uv": [0, 0, 4, 1], "texture": "#missing"},
				"west": {"uv": [0, 0, 3, 1], "texture": "#missing"},
				"up": {"uv": [2, 11, 6, 14], "texture": "#9"},
				"down": {"uv": [0, 0, 4, 3], "texture": "#missing"}
			}
		},
		{
			"from": [10, 10, 12],
			"to": [14, 11, 16],
			"faces": {
				"north": {"uv": [8, 3, 12, 4], "texture": "#9"},
				"east": {"uv": [0, 0, 4, 1], "texture": "#9"},
				"south": {"uv": [11, 8, 15, 9], "texture": "#9"},
				"west": {"uv": [0, 0, 4, 1], "texture": "#missing"},
				"up": {"uv": [3, 1, 7, 5], "texture": "#9"},
				"down": {"uv": [0, 0, 4, 4], "texture": "#missing"}
			}
		},
		{
			"from": [8, 10, 14],
			"to": [10, 11, 16],
			"faces": {
				"north": {"uv": [0, 0, 2, 1], "texture": "#missing"},
				"east": {"uv": [0, 0, 2, 1], "texture": "#missing"},
				"south": {"uv": [9, 8, 11, 9], "texture": "#9"},
				"west": {"uv": [0, 0, 2, 1], "texture": "#missing"},
				"up": {"uv": [0, 3, 2, 5], "texture": "#9"},
				"down": {"uv": [0, 0, 2, 2], "texture": "#missing"}
			}
		}
	],
	"display": {
		"thirdperson_righthand": {
			"rotation": [75, 45, 0],
			"translation": [0, 2.5, 0],
			"scale": [0.375, 0.375, 0.375]
		},
		"thirdperson_lefthand": {
			"rotation": [75, 45, 0],
			"translation": [0, 2.5, 0],
			"scale": [0.375, 0.375, 0.375]
		},
		"firstperson_righthand": {
			"rotation": [0, 45, 0],
			"scale": [0.4, 0.4, 0.4]
		},
		"firstperson_lefthand": {
			"rotation": [0, 225, 0],
			"scale": [0.4, 0.4, 0.4]
		},
		"ground": {
			"translation": [0, 3, 0],
			"scale": [0.25, 0.25, 0.25]
		},
		"gui": {
			"rotation": [30, 225, 0],
			"scale": [0.625, 0.625, 0.625]
		},
		"head": {
			"scale": [1.6, 1.6, 1.6]
		},
		"fixed": {
			"scale": [0.5, 0.5, 0.5]
		}
	},
	"groups": [
		{
			"name": "minecart",
			"origin": [8, 8, 8],
			"color": 0,
			"boneType": "",
			"children": [0, 1, 2, 3, 4]
		},
		{
			"name": "coal",
			"origin": [0, 0, 0],
			"color": 0,
			"boneType": "",
			"children": [5, 6, 7, 8, 9, 10, 11, 12, 13]
		}
	]
}