{
	"credit": "Made with Blockbench",
	"textures": {
		"0": "entity/minecart",
		"1": "block/deepslate_iron_ore",
		"particle": "entity/minecart"
	},
	"elements": [
		{
			"name": "bottom",
			"from": [0, 0, -2],
			"to": [16, 2, 18],
			"faces": {
				"north": {"uv": [0, 6, 0.5, 14], "rotation": 90, "texture": "#0"},
				"east": {"uv": [5.5, 5, 10.5, 6], "texture": "#0"},
				"south": {"uv": [0.5, 0, 4.5, 1], "texture": "#0"},
				"west": {"uv": [0.5, 5, 5.5, 6], "texture": "#0"},
				"up": {"uv": [6, 6, 11, 14], "rotation": 90, "texture": "#0"},
				"down": {"uv": [0.5, 6, 5.5, 14], "rotation": 90, "texture": "#0"}
			}
		},
		{
			"name": "north",
			"from": [0, 2, -2],
			"to": [16, 10, 0],
			"faces": {
				"north": {"uv": [5, 1, 9, 5], "texture": "#0"},
				"east": {"uv": [4.5, 1, 5, 5], "texture": "#0"},
				"south": {"uv": [0.5, 1, 4.5, 5], "texture": "#0"},
				"west": {"uv": [0, 1, 0.5, 5], "texture": "#0"},
				"up": {"uv": [0.5, 0, 4.5, 1], "texture": "#0"}
			}
		},
		{
			"name": "south",
			"from": [0, 2, 16],
			"to": [16, 10, 18],
			"faces": {
				"north": {"uv": [0.5, 1, 4.5, 5], "texture": "#0"},
				"east": {"uv": [0, 1, 0.5, 5], "texture": "#0"},
				"south": {"uv": [5, 1, 9, 5], "texture": "#0"},
				"west": {"uv": [4.5, 1, 5, 5], "texture": "#0"},
				"up": {"uv": [0.5, 0, 4.5, 1], "rotation": 180, "texture": "#0"}
			}
		},
		{
			"name": "west",
			"from": [0, 2, 0],
			"to": [2, 10, 16],
			"faces": {
				"east": {"uv": [0.5, 1, 4.5, 5], "texture": "#0"},
				"west": {"uv": [5, 1, 9, 5], "texture": "#0"},
				"up": {"uv": [5.5, 6, 6, 14], "rotation": 180, "texture": "#0"}
			}
		},
		{
			"name": "east",
			"from": [14, 2, 0],
			"to": [16, 10, 16],
			"faces": {
				"east": {"uv": [5, 1, 9, 5], "texture": "#0"},
				"west": {"uv": [0.5, 1, 4.5, 5], "texture": "#0"},
				"up": {"uv": [0, 6, 0.5, 14], "texture": "#0"}
			}
		},
		{
			"from": [2, 10, 0],
			"to": [14, 11, 3],
			"faces": {
				"north": {"uv": [3, 7, 15, 8], "texture": "#1"},
				"east": {"uv": [3, 2, 6, 3], "texture": "#1"},
				"south": {"uv": [0, 3, 12, 4], "texture": "#1"},
				"west": {"uv": [7, 2, 10, 3], "texture": "#1"},
				"up": {"uv": [0, 7, 12, 10], "texture": "#1"},
				"down": {"uv": [0, 0, 12, 3], "texture": "#missing"}
			}
		},
		{
			"from": [6, 10, 3],
			"to": [12, 12, 10],
			"faces": {
				"north": {"uv": [8, 2, 14, 4], "texture": "#1"},
				"east": {"uv": [0, 1, 7, 3], "texture": "#1"},
				"south": {"uv": [9, 1, 15, 3], "texture": "#1"},
				"west": {"uv": [0, 5, 7, 7], "texture": "#1"},
				"up": {"uv": [8, 7, 14, 14], "texture": "#1"},
				"down": {"uv": [0, 0, 6, 7], "texture": "#missing"}
			}
		},
		{
			"from": [2, 9, 3],
			"to": [6, 10, 8],
			"faces": {
				"north": {"uv": [0, 0, 4, 1], "texture": "#missing"},
				"east": {"uv": [0, 0, 5, 1], "texture": "#missing"},
				"south": {"uv": [0, 0, 4, 1], "texture": "#missing"},
				"west": {"uv": [0, 0, 5, 1], "texture": "#missing"},
				"up": {"uv": [2, 5, 6, 10], "texture": "#1"},
				"down": {"uv": [0, 0, 4, 5], "texture": "#missing"}
			}
		},
		{
			"from": [2, 10, 8],
			"to": [6, 11, 13],
			"faces": {
				"north": {"uv": [2, 2, 6, 3], "texture": "#1"},
				"east": {"uv": [0, 0, 5, 1], "texture": "#missing"},
				"south": {"uv": [0, 0, 4, 1], "texture": "#missing"},
				"west": {"uv": [0, 3, 5, 4], "texture": "#1"},
				"up": {"uv": [9, 2, 13, 7], "texture": "#1"},
				"down": {"uv": [0, 0, 4, 5], "texture": "#missing"}
			}
		},
		{
			"from": [2, 10, 13],
			"to": [7, 13, 16],
			"faces": {
				"north": {"uv": [3, 2, 8, 5], "texture": "#1"},
				"east": {"uv": [5, 4, 8, 7], "texture": "#1"},
				"south": {"uv": [0, 0, 5, 3], "texture": "#1"},
				"west": {"uv": [6, 0, 9, 3], "texture": "#1"},
				"up": {"uv": [0, 2, 5, 5], "texture": "#1"},
				"down": {"uv": [0, 0, 5, 3], "texture": "#missing"}
			}
		},
		{
			"from": [12, 9, 3],
			"to": [14, 10, 12],
			"faces": {
				"north": {"uv": [0, 0, 2, 1], "texture": "#missing"},
				"east": {"uv": [0, 0, 9, 1], "texture": "#missing"},
				"south": {"uv": [0, 0, 2, 1], "texture": "#missing"},
				"west": {"uv": [0, 0, 9, 1], "texture": "#missing"},
				"up": {"uv": [1, 0, 3, 9], "texture": "#1"},
				"down": {"uv": [0, 0, 2, 9], "texture": "#missing"}
			}
		},
		{
			"from": [9, 10, 12],
			"to": [14, 11, 16],
			"faces": {
				"north": {"uv": [0, 0, 5, 1], "texture": "#1"},
				"east": {"uv": [0, 15, 4, 16], "texture": "#1"},
				"south": {"uv": [7, 10, 12, 11], "texture": "#1"},
				"west": {"uv": [0, 0, 4, 1], "texture": "#missing"},
				"up": {"uv": [0, 1, 5, 5], "texture": "#1"},
				"down": {"uv": [0, 0, 5, 4], "texture": "#missing"}
			}
		},
		{
			"from": [9, 9, 10],
			"to": [12, 10, 12],
			"faces": {
				"north": {"uv": [0, 0, 3, 1], "texture": "#missing"},
				"east": {"uv": [0, 0, 2, 1], "texture": "#missing"},
				"south": {"uv": [0, 0, 3, 1], "texture": "#missing"},
				"west": {"uv": [0, 0, 2, 1], "texture": "#missing"},
				"up": {"uv": [0, 1, 3, 3], "texture": "#1"},
				"down": {"uv": [0, 0, 3, 2], "texture": "#missing"}
			}
		},
		{
			"from": [6, 10, 10],
			"to": [9, 12, 13],
			"faces": {
				"north": {"uv": [0, 0, 3, 2], "texture": "#missing"},
				"east": {"uv": [0, 3, 3, 5], "texture": "#1"},
				"south": {"uv": [0, 0, 3, 2], "texture": "#1"},
				"west": {"uv": [5, 0, 8, 2], "texture": "#1"},
				"up": {"uv": [3, 12, 6, 15], "texture": "#1"},
				"down": {"uv": [0, 0, 3, 3], "texture": "#missing"}
			}
		},
		{
			"from": [7, 10, 13],
			"to": [9, 11, 16],
			"faces": {
				"north": {"uv": [0, 0, 2, 1], "texture": "#missing"},
				"east": {"uv": [0, 0, 3, 1], "texture": "#missing"},
				"south": {"uv": [4, 2, 6, 3], "texture": "#1"},
				"west": {"uv": [0, 0, 3, 1], "texture": "#missing"},
				"up": {"uv": [4, 0, 6, 3], "texture": "#1"},
				"down": {"uv": [0, 0, 2, 3], "texture": "#missing"}
			}
		}
	],
	"display": {
		"thirdperson_righthand": {
			"rotation": [75, 45, 0],
			"translation": [0, 2.5, 0],
			"scale": [0.375, 0.375, 0.375]
		},
		"thirdperson_lefthand": {
			"rotation": [75, 45, 0],
			"translation": [0, 2.5, 0],
			"scale": [0.375, 0.375, 0.375]
		},
		"firstperson_righthand": {
			"rotation": [0, 45, 0],
			"scale": [0.4, 0.4, 0.4]
		},
		"firstperson_lefthand": {
			"rotation": [0, 225, 0],
			"scale": [0.4, 0.4, 0.4]
		},
		"ground": {
			"translation": [0, 3, 0],
			"scale": [0.25, 0.25, 0.25]
		},
		"gui": {
			"rotation": [30, 225, 0],
			"scale": [0.625, 0.625, 0.625]
		},
		"head": {
			"scale": [1.6, 1.6, 1.6]
		},
		"fixed": {
			"scale": [0.5, 0.5, 0.5]
		}
	},
	"groups": [
		{
			"name": "minecart",
			"origin": [8, 8, 8],
			"color": 0,
			"boneType": "",
			"children": [0, 1, 2, 3, 4]
		},
		{
			"name": "coal",
			"origin": [0, 0, 0],
			"color": 0,
			"boneType": "",
			"children": [5, 6, 7, 8, 9, 10, 11, 12, 13, 14]
		}
	]
}