{
	"credit": "Made with Blockbench",
	"textures": {
		"0": "entity/minecart",
		"11": "block/diamond_ore",
		"particle": "entity/minecart"
	},
	"elements": [
		{
			"name": "bottom",
			"from": [0, 0, -2],
			"to": [16, 2, 18],
			"faces": {
				"north": {"uv": [0, 6, 0.5, 14], "rotation": 90, "texture": "#0"},
				"east": {"uv": [5.5, 5, 10.5, 6], "texture": "#0"},
				"south": {"uv": [0.5, 0, 4.5, 1], "texture": "#0"},
				"west": {"uv": [0.5, 5, 5.5, 6], "texture": "#0"},
				"up": {"uv": [6, 6, 11, 14], "rotation": 90, "texture": "#0"},
				"down": {"uv": [0.5, 6, 5.5, 14], "rotation": 90, "texture": "#0"}
			}
		},
		{
			"name": "north",
			"from": [0, 2, -2],
			"to": [16, 10, 0],
			"faces": {
				"north": {"uv": [5, 1, 9, 5], "texture": "#0"},
				"east": {"uv": [4.5, 1, 5, 5], "texture": "#0"},
				"south": {"uv": [0.5, 1, 4.5, 5], "texture": "#0"},
				"west": {"uv": [0, 1, 0.5, 5], "texture": "#0"},
				"up": {"uv": [0.5, 0, 4.5, 1], "texture": "#0"}
			}
		},
		{
			"name": "south",
			"from": [0, 2, 16],
			"to": [16, 10, 18],
			"faces": {
				"north": {"uv": [0.5, 1, 4.5, 5], "texture": "#0"},
				"east": {"uv": [0, 1, 0.5, 5], "texture": "#0"},
				"south": {"uv": [5, 1, 9, 5], "texture": "#0"},
				"west": {"uv": [4.5, 1, 5, 5], "texture": "#0"},
				"up": {"uv": [0.5, 0, 4.5, 1], "rotation": 180, "texture": "#0"}
			}
		},
		{
			"name": "west",
			"from": [0, 2, 0],
			"to": [2, 10, 16],
			"faces": {
				"east": {"uv": [0.5, 1, 4.5, 5], "texture": "#0"},
				"west": {"uv": [5, 1, 9, 5], "texture": "#0"},
				"up": {"uv": [5.5, 6, 6, 14], "rotation": 180, "texture": "#0"}
			}
		},
		{
			"name": "east",
			"from": [14, 2, 0],
			"to": [16, 10, 16],
			"faces": {
				"east": {"uv": [5, 1, 9, 5], "texture": "#0"},
				"west": {"uv": [0.5, 1, 4.5, 5], "texture": "#0"},
				"up": {"uv": [0, 6, 0.5, 14], "texture": "#0"}
			}
		},
		{
			"from": [6, 10, 0],
			"to": [14, 12, 8],
			"faces": {
				"north": {"uv": [8, 1, 16, 3], "texture": "#11"},
				"east": {"uv": [2, 3, 10, 5], "texture": "#11"},
				"south": {"uv": [0, 0, 4, 0.5], "texture": "#missing"},
				"west": {"uv": [5, 8, 13, 10], "texture": "#11"},
				"up": {"uv": [4, 8, 12, 16], "rotation": 180, "texture": "#11"},
				"down": {"uv": [0, 0, 4, 8], "texture": "#missing"}
			}
		},
		{
			"from": [2, 10, 0],
			"to": [6, 11, 16],
			"faces": {
				"north": {"uv": [2, 1, 6, 2], "texture": "#11"},
				"east": {"uv": [9, 4, 10, 16], "rotation": 90, "texture": "#missing"},
				"south": {"uv": [1, 3, 5, 4], "texture": "#11"},
				"west": {"uv": [0, 0, 12, 1], "texture": "#11"},
				"up": {"uv": [12, 0, 16, 16], "rotation": 180, "texture": "#11"},
				"down": {"uv": [0, 0, 4, 12], "texture": "#missing"}
			}
		},
		{
			"from": [6, 10, 8],
			"to": [14, 13, 16],
			"faces": {
				"north": {"uv": [2, 7, 10, 10], "texture": "#11"},
				"east": {"uv": [7, 13, 15, 16], "texture": "#11"},
				"south": {"uv": [8, 10, 16, 13], "texture": "#11"},
				"west": {"uv": [0, 12, 8, 15], "texture": "#11"},
				"up": {"uv": [8, 0, 16, 8], "rotation": 180, "texture": "#11"},
				"down": {"uv": [0, 0, 8, 8], "texture": "#missing"}
			}
		}
	],
	"display": {
		"thirdperson_righthand": {
			"rotation": [75, 45, 0],
			"translation": [0, 2.5, 0],
			"scale": [0.375, 0.375, 0.375]
		},
		"thirdperson_lefthand": {
			"rotation": [75, 45, 0],
			"translation": [0, 2.5, 0],
			"scale": [0.375, 0.375, 0.375]
		},
		"firstperson_righthand": {
			"rotation": [0, 45, 0],
			"scale": [0.4, 0.4, 0.4]
		},
		"firstperson_lefthand": {
			"rotation": [0, 225, 0],
			"scale": [0.4, 0.4, 0.4]
		},
		"ground": {
			"translation": [0, 3, 0],
			"scale": [0.25, 0.25, 0.25]
		},
		"gui": {
			"rotation": [30, 225, 0],
			"scale": [0.625, 0.625, 0.625]
		},
		"head": {
			"scale": [1.6, 1.6, 1.6]
		},
		"fixed": {
			"scale": [0.5, 0.5, 0.5]
		}
	},
	"groups": [
		{
			"name": "minecart",
			"origin": [8, 8, 8],
			"color": 0,
			"boneType": "",
			"children": [0, 1, 2, 3, 4]
		},
		{
			"name": "coal",
			"origin": [0, 0, 0],
			"color": 0,
			"boneType": "",
			"children": [5, 6, 7]
		}
	]
}