{
	"credit": "Made with Blockbench",
	"textures": {
		"0": "entity/minecart",
		"1": "block/redstone_ore",
		"particle": "entity/minecart"
	},
	"elements": [
		{
			"name": "bottom",
			"from": [0, 0, -2],
			"to": [16, 2, 18],
			"faces": {
				"north": {"uv": [0, 6, 0.5, 14], "rotation": 90, "texture": "#0"},
				"east": {"uv": [5.5, 5, 10.5, 6], "texture": "#0"},
				"south": {"uv": [0.5, 0, 4.5, 1], "texture": "#0"},
				"west": {"uv": [0.5, 5, 5.5, 6], "texture": "#0"},
				"up": {"uv": [6, 6, 11, 14], "rotation": 90, "texture": "#0"},
				"down": {"uv": [0.5, 6, 5.5, 14], "rotation": 90, "texture": "#0"}
			}
		},
		{
			"name": "north",
			"from": [0, 2, -2],
			"to": [16, 10, 0],
			"faces": {
				"north": {"uv": [5, 1, 9, 5], "texture": "#0"},
				"east": {"uv": [4.5, 1, 5, 5], "texture": "#0"},
				"south": {"uv": [0.5, 1, 4.5, 5], "texture": "#0"},
				"west": {"uv": [0, 1, 0.5, 5], "texture": "#0"},
				"up": {"uv": [0.5, 0, 4.5, 1], "texture": "#0"}
			}
		},
		{
			"name": "south",
			"from": [0, 2, 16],
			"to": [16, 10, 18],
			"faces": {
				"north": {"uv": [0.5, 1, 4.5, 5], "texture": "#0"},
				"east": {"uv": [0, 1, 0.5, 5], "texture": "#0"},
				"south": {"uv": [5, 1, 9, 5], "texture": "#0"},
				"west": {"uv": [4.5, 1, 5, 5], "texture": "#0"},
				"up": {"uv": [0.5, 0, 4.5, 1], "rotation": 180, "texture": "#0"}
			}
		},
		{
			"name": "west",
			"from": [0, 2, 0],
			"to": [2, 10, 16],
			"faces": {
				"east": {"uv": [0.5, 1, 4.5, 5], "texture": "#0"},
				"west": {"uv": [5, 1, 9, 5], "texture": "#0"},
				"up": {"uv": [5.5, 6, 6, 14], "rotation": 180, "texture": "#0"}
			}
		},
		{
			"name": "east",
			"from": [14, 2, 0],
			"to": [16, 10, 16],
			"faces": {
				"east": {"uv": [5, 1, 9, 5], "texture": "#0"},
				"west": {"uv": [0.5, 1, 4.5, 5], "texture": "#0"},
				"up": {"uv": [0, 6, 0.5, 14], "texture": "#0"}
			}
		},
		{
			"from": [11, 10, 0],
			"to": [14, 15, 5],
			"faces": {
				"north": {"uv": [0, 1, 4, 6], "texture": "#1"},
				"east": {"uv": [0, 6, 5, 11], "texture": "#1"},
				"south": {"uv": [10, 1, 13, 6], "texture": "#1"},
				"west": {"uv": [3, 1, 8, 6], "texture": "#1"},
				"up": {"uv": [4, 11, 7, 16], "rotation": 180, "texture": "#1"},
				"down": {"uv": [0, 0, 4, 8], "texture": "#missing"}
			}
		},
		{
			"from": [2, 10, 0],
			"to": [11, 11, 5],
			"faces": {
				"north": {"uv": [0, 0, 9, 1], "texture": "#1"},
				"east": {"uv": [9, 4, 10, 16], "rotation": 90, "texture": "#missing"},
				"south": {"uv": [0, 1, 9, 2], "texture": "#1"},
				"west": {"uv": [0, 2, 5, 3], "texture": "#1"},
				"up": {"uv": [6, 3, 15, 8], "rotation": 180, "texture": "#1"},
				"down": {"uv": [0, 0, 4, 12], "texture": "#missing"}
			}
		},
		{
			"from": [8, 9, 5],
			"to": [14, 12, 11],
			"faces": {
				"north": {"uv": [9, 9, 15, 12], "texture": "#1"},
				"east": {"uv": [8, 12, 16, 15], "texture": "#1"},
				"south": {"uv": [0, 0, 6, 3], "texture": "#1"},
				"west": {"uv": [4, 4, 10, 7], "rotation": 180, "texture": "#1"},
				"up": {"uv": [8, 0, 16, 8], "rotation": 180, "texture": "#1"},
				"down": {"uv": [0, 0, 8, 8], "texture": "#missing"}
			}
		},
		{
			"from": [2, 9, 5],
			"to": [8, 10, 9],
			"faces": {
				"north": {"uv": [0, 0, 6, 1], "texture": "#missing"},
				"east": {"uv": [0, 0, 4, 1], "texture": "#missing"},
				"south": {"uv": [0, 0, 6, 1], "texture": "#missing"},
				"west": {"uv": [0, 0, 4, 1], "texture": "#missing"},
				"up": {"uv": [1, 2, 7, 6], "texture": "#1"},
				"down": {"uv": [0, 0, 6, 4], "texture": "#missing"}
			}
		},
		{
			"from": [2, 10, 9],
			"to": [8, 11, 13],
			"faces": {
				"north": {"uv": [6, 5, 12, 6], "texture": "#1"},
				"east": {"uv": [0, 0, 4, 1], "texture": "#missing"},
				"south": {"uv": [0, 0, 6, 1], "texture": "#missing"},
				"west": {"uv": [4, 15, 8, 16], "texture": "#1"},
				"up": {"uv": [8, 9, 14, 13], "texture": "#1"},
				"down": {"uv": [0, 0, 6, 4], "texture": "#missing"}
			}
		},
		{
			"from": [2, 10, 13],
			"to": [10, 12, 16],
			"faces": {
				"north": {"uv": [3, 12, 11, 14], "texture": "#1"},
				"east": {"uv": [0, 0, 3, 1], "texture": "#missing"},
				"south": {"uv": [1, 7, 9, 9], "texture": "#1"},
				"west": {"uv": [3, 2, 6, 4], "texture": "#1"},
				"up": {"uv": [7, 2, 15, 5], "rotation": 180, "texture": "#1"},
				"down": {"uv": [0, 0, 8, 3], "texture": "#missing"}
			}
		},
		{
			"from": [8, 10, 11],
			"to": [14, 11, 13],
			"faces": {
				"north": {"uv": [0, 0, 6, 1], "texture": "#missing"},
				"east": {"uv": [7, 2, 9, 3], "texture": "#1"},
				"south": {"uv": [0, 0, 6, 1], "texture": "#missing"},
				"west": {"uv": [0, 0, 2, 1], "texture": "#missing"},
				"up": {"uv": [3, 11, 9, 13], "texture": "#1"},
				"down": {"uv": [0, 0, 6, 2], "texture": "#missing"}
			}
		},
		{
			"from": [10, 10, 13],
			"to": [14, 14, 16],
			"faces": {
				"north": {"uv": [3, 3, 7, 7], "texture": "#1"},
				"east": {"uv": [3, 12, 6, 16], "rotation": 180, "texture": "#1"},
				"south": {"uv": [2, 0, 6, 4], "texture": "#1"},
				"west": {"uv": [7, 3, 10, 7], "texture": "#1"},
				"up": {"uv": [1, 9, 5, 12], "texture": "#1"},
				"down": {"uv": [0, 0, 4, 3], "texture": "#missing"}
			}
		}
	],
	"display": {
		"thirdperson_righthand": {
			"rotation": [75, 45, 0],
			"translation": [0, 2.5, 0],
			"scale": [0.375, 0.375, 0.375]
		},
		"thirdperson_lefthand": {
			"rotation": [75, 45, 0],
			"translation": [0, 2.5, 0],
			"scale": [0.375, 0.375, 0.375]
		},
		"firstperson_righthand": {
			"rotation": [0, 45, 0],
			"scale": [0.4, 0.4, 0.4]
		},
		"firstperson_lefthand": {
			"rotation": [0, 225, 0],
			"scale": [0.4, 0.4, 0.4]
		},
		"ground": {
			"translation": [0, 3, 0],
			"scale": [0.25, 0.25, 0.25]
		},
		"gui": {
			"rotation": [30, 225, 0],
			"scale": [0.625, 0.625, 0.625]
		},
		"head": {
			"scale": [1.6, 1.6, 1.6]
		},
		"fixed": {
			"scale": [0.5, 0.5, 0.5]
		}
	},
	"groups": [
		{
			"name": "minecart",
			"origin": [8, 8, 8],
			"color": 0,
			"boneType": "",
			"children": [0, 1, 2, 3, 4]
		},
		{
			"name": "coal",
			"origin": [0, 0, 0],
			"color": 0,
			"boneType": "",
			"children": [5, 6, 7, 8, 9, 10, 11, 12]
		}
	]
}